,Loan_ID,Gender,Married,Dependents,Education,Self_Employed,ApplicantIncome,CoapplicantIncome,LoanAmount,Loan_Amount_Term,Credit_History,Property_Area,Loan_Status
1,LP001002,1.0,0.0,0.0,1.0,0.0,5849,0.0,,360.0,1.0,1,Y
2,LP001003,1.0,1.0,0.0,1.0,0.0,4583,1508.0,128.0,360.0,1.0,0,N
3,LP001005,1.0,1.0,0.0,1.0,1.0,3000,0.0,66.0,360.0,1.0,1,Y
4,LP001006,1.0,1.0,0.0,0.0,0.0,2583,2358.0,120.0,360.0,1.0,1,Y
5,LP001008,1.0,0.0,0.0,1.0,0.0,6000,0.0,141.0,360.0,1.0,1,Y
6,LP001011,1.0,1.0,0.0,1.0,1.0,5417,4196.0,267.0,360.0,1.0,1,Y
7,LP001013,1.0,1.0,0.0,0.0,0.0,2333,1516.0,95.0,360.0,1.0,1,Y
8,LP001014,1.0,1.0,3.0,1.0,0.0,3036,2504.0,158.0,360.0,0.0,2,N
9,LP001018,1.0,1.0,0.0,1.0,0.0,4006,1526.0,168.0,360.0,1.0,1,Y
10,LP001020,1.0,1.0,0.0,1.0,0.0,12841,10968.0,349.0,360.0,1.0,2,N
11,LP001024,1.0,1.0,0.0,1.0,0.0,3200,700.0,70.0,360.0,1.0,1,Y
12,LP001027,1.0,1.0,0.0,1.0,0.0,2500,1840.0,109.0,360.0,1.0,1,Y
13,LP001028,1.0,1.0,0.0,1.0,0.0,3073,8106.0,200.0,360.0,1.0,1,Y
14,LP001029,1.0,0.0,0.0,1.0,0.0,1853,2840.0,114.0,360.0,1.0,0,N
15,LP001030,1.0,1.0,0.0,1.0,0.0,1299,1086.0,17.0,120.0,1.0,1,Y
16,LP001032,1.0,0.0,0.0,1.0,0.0,4950,0.0,125.0,360.0,1.0,1,Y
17,LP001034,1.0,0.0,0.0,0.0,0.0,3596,0.0,100.0,240.0,,1,Y
18,LP001036,0.0,0.0,0.0,1.0,0.0,3510,0.0,76.0,360.0,0.0,1,N
19,LP001038,1.0,1.0,0.0,0.0,0.0,4887,0.0,133.0,360.0,1.0,0,N
20,LP001041,1.0,1.0,0.0,1.0,0.0,2600,3500.0,115.0,,1.0,1,Y
21,LP001043,1.0,1.0,0.0,0.0,0.0,7660,0.0,104.0,360.0,0.0,1,N
22,LP001046,1.0,1.0,0.0,1.0,0.0,5955,5625.0,315.0,360.0,1.0,1,Y
23,LP001047,1.0,1.0,0.0,0.0,0.0,2600,1911.0,116.0,360.0,0.0,2,N
24,LP001050,,1.0,0.0,0.0,0.0,3365,1917.0,112.0,360.0,0.0,0,N
25,LP001052,1.0,1.0,0.0,1.0,0.0,3717,2925.0,151.0,360.0,,2,N
26,LP001066,1.0,1.0,0.0,1.0,1.0,9560,0.0,191.0,360.0,1.0,2,Y
27,LP001068,1.0,1.0,0.0,1.0,0.0,2799,2253.0,122.0,360.0,1.0,2,Y
28,LP001073,1.0,1.0,0.0,0.0,0.0,4226,1040.0,110.0,360.0,1.0,1,Y
29,LP001086,1.0,0.0,0.0,0.0,0.0,1442,0.0,35.0,360.0,1.0,1,N
30,LP001087,0.0,0.0,0.0,1.0,0.0,3750,2083.0,120.0,360.0,1.0,2,Y
31,LP001091,1.0,1.0,0.0,1.0,0.0,4166,3369.0,201.0,360.0,,1,N
32,LP001095,1.0,0.0,0.0,1.0,0.0,3167,0.0,74.0,360.0,1.0,1,N
33,LP001097,1.0,0.0,0.0,1.0,1.0,4692,0.0,106.0,360.0,1.0,0,N
34,LP001098,1.0,1.0,0.0,1.0,0.0,3500,1667.0,114.0,360.0,1.0,2,Y
35,LP001100,1.0,0.0,3.0,1.0,0.0,12500,3000.0,320.0,360.0,1.0,0,N
36,LP001106,1.0,1.0,0.0,1.0,0.0,2275,2067.0,,360.0,1.0,1,Y
37,LP001109,1.0,1.0,0.0,1.0,0.0,1828,1330.0,100.0,,0.0,1,N
38,LP001112,0.0,1.0,0.0,1.0,0.0,3667,1459.0,144.0,360.0,1.0,2,Y
39,LP001114,1.0,0.0,0.0,1.0,0.0,4166,7210.0,184.0,360.0,1.0,1,Y
40,LP001116,1.0,0.0,0.0,0.0,0.0,3748,1668.0,110.0,360.0,1.0,2,Y
41,LP001119,1.0,0.0,0.0,1.0,0.0,3600,0.0,80.0,360.0,1.0,1,N
42,LP001120,1.0,0.0,0.0,1.0,0.0,1800,1213.0,47.0,360.0,1.0,1,Y
43,LP001123,1.0,1.0,0.0,1.0,0.0,2400,0.0,75.0,360.0,,1,Y
44,LP001131,1.0,1.0,0.0,1.0,0.0,3941,2336.0,134.0,360.0,1.0,2,Y
45,LP001136,1.0,1.0,0.0,0.0,1.0,4695,0.0,96.0,,1.0,1,Y
46,LP001137,0.0,0.0,0.0,1.0,0.0,3410,0.0,88.0,,1.0,1,Y
47,LP001138,1.0,1.0,0.0,1.0,0.0,5649,0.0,44.0,360.0,1.0,1,Y
48,LP001144,1.0,1.0,0.0,1.0,0.0,5821,0.0,144.0,360.0,1.0,1,Y
49,LP001146,0.0,1.0,0.0,1.0,0.0,2645,3440.0,120.0,360.0,0.0,1,N
50,LP001151,0.0,0.0,0.0,1.0,0.0,4000,2275.0,144.0,360.0,1.0,2,Y
51,LP001155,0.0,1.0,0.0,0.0,0.0,1928,1644.0,100.0,360.0,1.0,2,Y
52,LP001157,0.0,0.0,0.0,1.0,0.0,3086,0.0,120.0,360.0,1.0,2,Y
53,LP001164,0.0,0.0,0.0,1.0,0.0,4230,0.0,112.0,360.0,1.0,2,N
54,LP001179,1.0,1.0,0.0,1.0,0.0,4616,0.0,134.0,360.0,1.0,1,N
55,LP001186,0.0,1.0,0.0,1.0,1.0,11500,0.0,286.0,360.0,0.0,1,N
56,LP001194,1.0,1.0,0.0,1.0,0.0,2708,1167.0,97.0,360.0,1.0,2,Y
57,LP001195,1.0,1.0,0.0,1.0,0.0,2132,1591.0,96.0,360.0,1.0,2,Y
58,LP001197,1.0,1.0,0.0,1.0,0.0,3366,2200.0,135.0,360.0,1.0,0,N
59,LP001198,1.0,1.0,0.0,1.0,0.0,8080,2250.0,180.0,360.0,1.0,1,Y
60,LP001199,1.0,1.0,0.0,0.0,0.0,3357,2859.0,144.0,360.0,1.0,1,Y
61,LP001205,1.0,1.0,0.0,1.0,0.0,2500,3796.0,120.0,360.0,1.0,1,Y
62,LP001206,1.0,1.0,3.0,1.0,0.0,3029,0.0,99.0,360.0,1.0,1,Y
63,LP001207,1.0,1.0,0.0,0.0,1.0,2609,3449.0,165.0,180.0,0.0,0,N
64,LP001213,1.0,1.0,0.0,1.0,0.0,4945,0.0,,360.0,0.0,0,N
65,LP001222,0.0,0.0,0.0,1.0,0.0,4166,0.0,116.0,360.0,0.0,2,N
66,LP001225,1.0,1.0,0.0,1.0,0.0,5726,4595.0,258.0,360.0,1.0,2,N
67,LP001228,1.0,0.0,0.0,0.0,0.0,3200,2254.0,126.0,180.0,0.0,1,N
68,LP001233,1.0,1.0,0.0,1.0,0.0,10750,0.0,312.0,360.0,1.0,1,Y
69,LP001238,1.0,1.0,3.0,0.0,1.0,7100,0.0,125.0,60.0,1.0,1,Y
70,LP001241,0.0,0.0,0.0,1.0,0.0,4300,0.0,136.0,360.0,0.0,2,N
71,LP001243,1.0,1.0,0.0,1.0,0.0,3208,3066.0,172.0,360.0,1.0,1,Y
72,LP001245,1.0,1.0,0.0,0.0,1.0,1875,1875.0,97.0,360.0,1.0,2,Y
73,LP001248,1.0,0.0,0.0,1.0,0.0,3500,0.0,81.0,300.0,1.0,2,Y
74,LP001250,1.0,1.0,3.0,0.0,0.0,4755,0.0,95.0,,0.0,2,N
75,LP001253,1.0,1.0,3.0,1.0,1.0,5266,1774.0,187.0,360.0,1.0,2,Y
76,LP001255,1.0,0.0,0.0,1.0,0.0,3750,0.0,113.0,480.0,1.0,1,N
77,LP001256,1.0,0.0,0.0,1.0,0.0,3750,4750.0,176.0,360.0,1.0,1,N
78,LP001259,1.0,1.0,0.0,1.0,1.0,1000,3022.0,110.0,360.0,1.0,1,N
79,LP001263,1.0,1.0,3.0,1.0,0.0,3167,4000.0,180.0,300.0,0.0,2,N
80,LP001264,1.0,1.0,3.0,0.0,1.0,3333,2166.0,130.0,360.0,,2,Y
81,LP001265,0.0,0.0,0.0,1.0,0.0,3846,0.0,111.0,360.0,1.0,2,Y
82,LP001266,1.0,1.0,0.0,1.0,1.0,2395,0.0,,360.0,1.0,2,Y
83,LP001267,0.0,1.0,0.0,1.0,0.0,1378,1881.0,167.0,360.0,1.0,1,N
84,LP001273,1.0,1.0,0.0,1.0,0.0,6000,2250.0,265.0,360.0,,2,N
85,LP001275,1.0,1.0,0.0,1.0,0.0,3988,0.0,50.0,240.0,1.0,1,Y
86,LP001279,1.0,0.0,0.0,1.0,0.0,2366,2531.0,136.0,360.0,1.0,2,Y
87,LP001280,1.0,1.0,0.0,0.0,0.0,3333,2000.0,99.0,360.0,,2,Y
88,LP001282,1.0,1.0,0.0,1.0,0.0,2500,2118.0,104.0,360.0,1.0,2,Y
89,LP001289,1.0,0.0,0.0,1.0,0.0,8566,0.0,210.0,360.0,1.0,1,Y
90,LP001310,1.0,1.0,0.0,1.0,0.0,5695,4167.0,175.0,360.0,1.0,2,Y
91,LP001316,1.0,1.0,0.0,1.0,0.0,2958,2900.0,131.0,360.0,1.0,2,Y
92,LP001318,1.0,1.0,0.0,1.0,0.0,6250,5654.0,188.0,180.0,1.0,2,Y
93,LP001319,1.0,1.0,0.0,0.0,0.0,3273,1820.0,81.0,360.0,1.0,1,Y
94,LP001322,1.0,0.0,0.0,1.0,0.0,4133,0.0,122.0,360.0,1.0,2,Y
95,LP001325,1.0,0.0,0.0,0.0,0.0,3620,0.0,25.0,120.0,1.0,2,Y
96,LP001326,1.0,0.0,0.0,1.0,0.0,6782,0.0,,360.0,,1,N
97,LP001327,0.0,1.0,0.0,1.0,0.0,2484,2302.0,137.0,360.0,1.0,2,Y
98,LP001333,1.0,1.0,0.0,1.0,0.0,1977,997.0,50.0,360.0,1.0,2,Y
99,LP001334,1.0,1.0,0.0,0.0,0.0,4188,0.0,115.0,180.0,1.0,2,Y
100,LP001343,1.0,1.0,0.0,1.0,0.0,1759,3541.0,131.0,360.0,1.0,2,Y
101,LP001345,1.0,1.0,0.0,0.0,0.0,4288,3263.0,133.0,180.0,1.0,1,Y
102,LP001349,1.0,0.0,0.0,1.0,0.0,4843,3806.0,151.0,360.0,1.0,2,Y
103,LP001350,1.0,1.0,0.0,1.0,0.0,13650,0.0,,360.0,1.0,1,Y
104,LP001356,1.0,1.0,0.0,1.0,0.0,4652,3583.0,,360.0,1.0,2,Y
105,LP001357,1.0,,0.0,1.0,0.0,3816,754.0,160.0,360.0,1.0,1,Y
106,LP001367,1.0,1.0,0.0,1.0,0.0,3052,1030.0,100.0,360.0,1.0,1,Y
107,LP001369,1.0,1.0,0.0,1.0,0.0,11417,1126.0,225.0,360.0,1.0,1,Y
108,LP001370,1.0,0.0,0.0,0.0,0.0,7333,0.0,120.0,360.0,1.0,0,N
109,LP001379,1.0,1.0,0.0,1.0,0.0,3800,3600.0,216.0,360.0,0.0,1,N
110,LP001384,1.0,1.0,3.0,0.0,0.0,2071,754.0,94.0,480.0,1.0,2,Y
111,LP001385,1.0,0.0,0.0,1.0,0.0,5316,0.0,136.0,360.0,1.0,1,Y
112,LP001387,0.0,1.0,0.0,1.0,0.0,2929,2333.0,139.0,360.0,1.0,2,Y
113,LP001391,1.0,1.0,0.0,0.0,0.0,3572,4114.0,152.0,,0.0,0,N
114,LP001392,0.0,0.0,0.0,1.0,1.0,7451,0.0,,360.0,1.0,2,Y
115,LP001398,1.0,0.0,0.0,1.0,0.0,5050,0.0,118.0,360.0,1.0,2,Y
116,LP001401,1.0,1.0,0.0,1.0,0.0,14583,0.0,185.0,180.0,1.0,0,Y
117,LP001404,0.0,1.0,0.0,1.0,0.0,3167,2283.0,154.0,360.0,1.0,2,Y
118,LP001405,1.0,1.0,0.0,1.0,0.0,2214,1398.0,85.0,360.0,,1,Y
119,LP001421,1.0,1.0,0.0,1.0,0.0,5568,2142.0,175.0,360.0,1.0,0,N
120,LP001422,0.0,0.0,0.0,1.0,0.0,10408,0.0,259.0,360.0,1.0,1,Y
121,LP001426,1.0,1.0,0.0,1.0,0.0,5667,2667.0,180.0,360.0,1.0,0,Y
122,LP001430,0.0,0.0,0.0,1.0,0.0,4166,0.0,44.0,360.0,1.0,2,Y
123,LP001431,0.0,0.0,0.0,1.0,0.0,2137,8980.0,137.0,360.0,0.0,2,Y
124,LP001432,1.0,1.0,0.0,1.0,0.0,2957,0.0,81.0,360.0,1.0,2,Y
125,LP001439,1.0,1.0,0.0,0.0,0.0,4300,2014.0,194.0,360.0,1.0,0,Y
126,LP001443,0.0,0.0,0.0,1.0,0.0,3692,0.0,93.0,360.0,,0,Y
127,LP001448,,1.0,3.0,1.0,0.0,23803,0.0,370.0,360.0,1.0,0,Y
128,LP001449,1.0,0.0,0.0,1.0,0.0,3865,1640.0,,360.0,1.0,0,Y
129,LP001451,1.0,1.0,0.0,1.0,1.0,10513,3850.0,160.0,180.0,0.0,1,N
130,LP001465,1.0,1.0,0.0,1.0,0.0,6080,2569.0,182.0,360.0,,0,N
131,LP001469,1.0,0.0,0.0,1.0,1.0,20166,0.0,650.0,480.0,,1,Y
132,LP001473,1.0,0.0,0.0,1.0,0.0,2014,1929.0,74.0,360.0,1.0,1,Y
133,LP001478,1.0,0.0,0.0,1.0,0.0,2718,0.0,70.0,360.0,1.0,2,Y
134,LP001482,1.0,1.0,0.0,1.0,1.0,3459,0.0,25.0,120.0,1.0,2,Y
135,LP001487,1.0,0.0,0.0,1.0,0.0,4895,0.0,102.0,360.0,1.0,2,Y
136,LP001488,1.0,1.0,3.0,1.0,0.0,4000,7750.0,290.0,360.0,1.0,2,N
137,LP001489,0.0,1.0,0.0,1.0,0.0,4583,0.0,84.0,360.0,1.0,0,N
138,LP001491,1.0,1.0,0.0,1.0,1.0,3316,3500.0,88.0,360.0,1.0,1,Y
139,LP001492,1.0,0.0,0.0,1.0,0.0,14999,0.0,242.0,360.0,0.0,2,N
140,LP001493,1.0,1.0,0.0,0.0,0.0,4200,1430.0,129.0,360.0,1.0,0,N
141,LP001497,1.0,1.0,0.0,1.0,0.0,5042,2083.0,185.0,360.0,1.0,0,N
142,LP001498,1.0,0.0,0.0,1.0,0.0,5417,0.0,168.0,360.0,1.0,1,Y
143,LP001504,1.0,0.0,0.0,1.0,1.0,6950,0.0,175.0,180.0,1.0,2,Y
144,LP001507,1.0,1.0,0.0,1.0,0.0,2698,2034.0,122.0,360.0,1.0,2,Y
145,LP001508,1.0,1.0,0.0,1.0,0.0,11757,0.0,187.0,180.0,1.0,1,Y
146,LP001514,0.0,1.0,0.0,1.0,0.0,2330,4486.0,100.0,360.0,1.0,2,Y
147,LP001516,0.0,1.0,0.0,1.0,0.0,14866,0.0,70.0,360.0,1.0,1,Y
148,LP001518,1.0,1.0,0.0,1.0,0.0,1538,1425.0,30.0,360.0,1.0,1,Y
149,LP001519,0.0,0.0,0.0,1.0,0.0,10000,1666.0,225.0,360.0,1.0,0,N
150,LP001520,1.0,1.0,0.0,1.0,0.0,4860,830.0,125.0,360.0,1.0,2,Y
151,LP001528,1.0,0.0,0.0,1.0,0.0,6277,0.0,118.0,360.0,0.0,0,N
152,LP001529,1.0,1.0,0.0,1.0,1.0,2577,3750.0,152.0,360.0,1.0,0,Y
153,LP001531,1.0,0.0,0.0,1.0,0.0,9166,0.0,244.0,360.0,1.0,1,N
154,LP001532,1.0,1.0,0.0,0.0,0.0,2281,0.0,113.0,360.0,1.0,0,N
155,LP001535,1.0,0.0,0.0,1.0,0.0,3254,0.0,50.0,360.0,1.0,1,Y
156,LP001536,1.0,1.0,3.0,1.0,0.0,39999,0.0,600.0,180.0,0.0,2,Y
157,LP001541,1.0,1.0,0.0,1.0,0.0,6000,0.0,160.0,360.0,,0,Y
158,LP001543,1.0,1.0,0.0,1.0,0.0,9538,0.0,187.0,360.0,1.0,1,Y
159,LP001546,1.0,0.0,0.0,1.0,0.0,2980,2083.0,120.0,360.0,1.0,0,Y
160,LP001552,1.0,1.0,0.0,1.0,0.0,4583,5625.0,255.0,360.0,1.0,2,Y
161,LP001560,1.0,1.0,0.0,0.0,0.0,1863,1041.0,98.0,360.0,1.0,2,Y
162,LP001562,1.0,1.0,0.0,1.0,0.0,7933,0.0,275.0,360.0,1.0,1,N
163,LP001565,1.0,1.0,0.0,1.0,0.0,3089,1280.0,121.0,360.0,0.0,2,N
164,LP001570,1.0,1.0,0.0,1.0,0.0,4167,1447.0,158.0,360.0,1.0,0,Y
165,LP001572,1.0,1.0,0.0,1.0,0.0,9323,0.0,75.0,180.0,1.0,1,Y
166,LP001574,1.0,1.0,0.0,1.0,0.0,3707,3166.0,182.0,,1.0,0,Y
167,LP001577,0.0,1.0,0.0,1.0,0.0,4583,0.0,112.0,360.0,1.0,0,N
168,LP001578,1.0,1.0,0.0,1.0,0.0,2439,3333.0,129.0,360.0,1.0,0,Y
169,LP001579,1.0,0.0,0.0,1.0,0.0,2237,0.0,63.0,480.0,0.0,2,N
170,LP001580,1.0,1.0,0.0,1.0,0.0,8000,0.0,200.0,360.0,1.0,2,Y
171,LP001581,1.0,1.0,0.0,0.0,0.0,1820,1769.0,95.0,360.0,1.0,0,Y
172,LP001585,,1.0,3.0,1.0,0.0,51763,0.0,700.0,300.0,1.0,1,Y
173,LP001586,1.0,1.0,3.0,0.0,0.0,3522,0.0,81.0,180.0,1.0,0,N
174,LP001594,1.0,1.0,0.0,1.0,0.0,5708,5625.0,187.0,360.0,1.0,2,Y
175,LP001603,1.0,1.0,0.0,0.0,1.0,4344,736.0,87.0,360.0,1.0,2,N
176,LP001606,1.0,1.0,0.0,1.0,0.0,3497,1964.0,116.0,360.0,1.0,0,Y
177,LP001608,1.0,1.0,0.0,1.0,0.0,2045,1619.0,101.0,360.0,1.0,0,Y
178,LP001610,1.0,1.0,3.0,1.0,0.0,5516,11300.0,495.0,360.0,0.0,2,N
179,LP001616,1.0,1.0,0.0,1.0,0.0,3750,0.0,116.0,360.0,1.0,2,Y
180,LP001630,1.0,0.0,0.0,0.0,0.0,2333,1451.0,102.0,480.0,0.0,1,N
181,LP001633,1.0,1.0,0.0,1.0,0.0,6400,7250.0,180.0,360.0,0.0,1,N
182,LP001634,1.0,0.0,0.0,1.0,0.0,1916,5063.0,67.0,360.0,,0,N
183,LP001636,1.0,1.0,0.0,1.0,0.0,4600,0.0,73.0,180.0,1.0,2,Y
184,LP001637,1.0,1.0,0.0,1.0,0.0,33846,0.0,260.0,360.0,1.0,2,N
185,LP001639,0.0,1.0,0.0,1.0,0.0,3625,0.0,108.0,360.0,1.0,2,Y
186,LP001640,1.0,1.0,0.0,1.0,1.0,39147,4750.0,120.0,360.0,1.0,2,Y
187,LP001641,1.0,1.0,0.0,1.0,1.0,2178,0.0,66.0,300.0,0.0,0,N
188,LP001643,1.0,1.0,0.0,1.0,0.0,2383,2138.0,58.0,360.0,,0,Y
189,LP001644,,1.0,0.0,1.0,1.0,674,5296.0,168.0,360.0,1.0,0,Y
190,LP001647,1.0,1.0,0.0,1.0,0.0,9328,0.0,188.0,180.0,1.0,0,Y
191,LP001653,1.0,0.0,0.0,0.0,0.0,4885,0.0,48.0,360.0,1.0,0,Y
192,LP001656,1.0,0.0,0.0,1.0,0.0,12000,0.0,164.0,360.0,1.0,2,N
193,LP001657,1.0,1.0,0.0,0.0,0.0,6033,0.0,160.0,360.0,1.0,1,N
194,LP001658,1.0,0.0,0.0,1.0,0.0,3858,0.0,76.0,360.0,1.0,2,Y
195,LP001664,1.0,0.0,0.0,1.0,0.0,4191,0.0,120.0,360.0,1.0,0,Y
196,LP001665,1.0,1.0,0.0,1.0,0.0,3125,2583.0,170.0,360.0,1.0,2,N
197,LP001666,1.0,0.0,0.0,1.0,0.0,8333,3750.0,187.0,360.0,1.0,0,Y
198,LP001669,0.0,0.0,0.0,0.0,0.0,1907,2365.0,120.0,,1.0,1,Y
199,LP001671,0.0,1.0,0.0,1.0,0.0,3416,2816.0,113.0,360.0,,2,Y
200,LP001673,1.0,0.0,0.0,1.0,1.0,11000,0.0,83.0,360.0,1.0,1,N
201,LP001674,1.0,1.0,0.0,0.0,0.0,2600,2500.0,90.0,360.0,1.0,2,Y
202,LP001677,1.0,0.0,0.0,1.0,0.0,4923,0.0,166.0,360.0,0.0,2,Y
203,LP001682,1.0,1.0,3.0,0.0,0.0,3992,0.0,,180.0,1.0,1,N
204,LP001688,1.0,1.0,0.0,0.0,0.0,3500,1083.0,135.0,360.0,1.0,1,Y
205,LP001691,1.0,1.0,0.0,0.0,0.0,3917,0.0,124.0,360.0,1.0,2,Y
206,LP001692,0.0,0.0,0.0,0.0,0.0,4408,0.0,120.0,360.0,1.0,2,Y
207,LP001693,0.0,0.0,0.0,1.0,0.0,3244,0.0,80.0,360.0,1.0,1,Y
208,LP001698,1.0,0.0,0.0,0.0,0.0,3975,2531.0,55.0,360.0,1.0,0,Y
209,LP001699,1.0,0.0,0.0,1.0,0.0,2479,0.0,59.0,360.0,1.0,1,Y
210,LP001702,1.0,0.0,0.0,1.0,0.0,3418,0.0,127.0,360.0,1.0,2,N
211,LP001708,0.0,0.0,0.0,1.0,0.0,10000,0.0,214.0,360.0,1.0,2,N
212,LP001711,1.0,1.0,3.0,1.0,0.0,3430,1250.0,128.0,360.0,0.0,2,N
213,LP001713,1.0,1.0,0.0,1.0,1.0,7787,0.0,240.0,360.0,1.0,1,Y
214,LP001715,1.0,1.0,3.0,0.0,1.0,5703,0.0,130.0,360.0,1.0,0,Y
215,LP001716,1.0,1.0,0.0,1.0,0.0,3173,3021.0,137.0,360.0,1.0,1,Y
216,LP001720,1.0,1.0,3.0,0.0,0.0,3850,983.0,100.0,360.0,1.0,2,Y
217,LP001722,1.0,1.0,0.0,1.0,0.0,150,1800.0,135.0,360.0,1.0,0,N
218,LP001726,1.0,1.0,0.0,1.0,0.0,3727,1775.0,131.0,360.0,1.0,2,Y
219,LP001732,1.0,1.0,0.0,1.0,0.0,5000,0.0,72.0,360.0,0.0,2,N
220,LP001734,0.0,1.0,0.0,1.0,0.0,4283,2383.0,127.0,360.0,,2,Y
221,LP001736,1.0,1.0,0.0,1.0,0.0,2221,0.0,60.0,360.0,0.0,1,N
222,LP001743,1.0,1.0,0.0,1.0,0.0,4009,1717.0,116.0,360.0,1.0,2,Y
223,LP001744,1.0,0.0,0.0,1.0,0.0,2971,2791.0,144.0,360.0,1.0,2,Y
224,LP001749,1.0,1.0,0.0,1.0,0.0,7578,1010.0,175.0,,1.0,2,Y
225,LP001750,1.0,1.0,0.0,1.0,0.0,6250,0.0,128.0,360.0,1.0,2,Y
226,LP001751,1.0,1.0,0.0,1.0,0.0,3250,0.0,170.0,360.0,1.0,0,N
227,LP001754,1.0,1.0,0.0,0.0,1.0,4735,0.0,138.0,360.0,1.0,1,N
228,LP001758,1.0,1.0,0.0,1.0,0.0,6250,1695.0,210.0,360.0,1.0,2,Y
229,LP001760,1.0,,0.0,1.0,0.0,4758,0.0,158.0,480.0,1.0,2,Y
230,LP001761,1.0,0.0,0.0,1.0,1.0,6400,0.0,200.0,360.0,1.0,0,Y
231,LP001765,1.0,1.0,0.0,1.0,0.0,2491,2054.0,104.0,360.0,1.0,2,Y
232,LP001768,1.0,1.0,0.0,1.0,0.0,3716,0.0,42.0,180.0,1.0,0,Y
233,LP001770,1.0,0.0,0.0,0.0,0.0,3189,2598.0,120.0,,1.0,0,Y
234,LP001776,0.0,0.0,0.0,1.0,0.0,8333,0.0,280.0,360.0,1.0,2,Y
235,LP001778,1.0,1.0,0.0,1.0,0.0,3155,1779.0,140.0,360.0,1.0,2,Y
236,LP001784,1.0,1.0,0.0,1.0,0.0,5500,1260.0,170.0,360.0,1.0,0,Y
237,LP001786,1.0,1.0,0.0,1.0,0.0,5746,0.0,255.0,360.0,,1,N
238,LP001788,0.0,0.0,0.0,1.0,1.0,3463,0.0,122.0,360.0,,1,Y
239,LP001790,0.0,0.0,0.0,1.0,0.0,3812,0.0,112.0,360.0,1.0,0,Y
240,LP001792,1.0,1.0,0.0,1.0,0.0,3315,0.0,96.0,360.0,1.0,2,Y
241,LP001798,1.0,1.0,0.0,1.0,0.0,5819,5000.0,120.0,360.0,1.0,0,Y
242,LP001800,1.0,1.0,0.0,0.0,0.0,2510,1983.0,140.0,180.0,1.0,1,N
243,LP001806,1.0,0.0,0.0,1.0,0.0,2965,5701.0,155.0,60.0,1.0,1,Y
244,LP001807,1.0,1.0,0.0,1.0,1.0,6250,1300.0,108.0,360.0,1.0,0,Y
245,LP001811,1.0,1.0,0.0,0.0,0.0,3406,4417.0,123.0,360.0,1.0,2,Y
246,LP001813,1.0,0.0,0.0,1.0,1.0,6050,4333.0,120.0,180.0,1.0,1,N
247,LP001814,1.0,1.0,0.0,1.0,0.0,9703,0.0,112.0,360.0,1.0,1,Y
248,LP001819,1.0,1.0,0.0,0.0,0.0,6608,0.0,137.0,180.0,1.0,1,Y
249,LP001824,1.0,1.0,0.0,1.0,0.0,2882,1843.0,123.0,480.0,1.0,2,Y
250,LP001825,1.0,1.0,0.0,1.0,0.0,1809,1868.0,90.0,360.0,1.0,1,Y
251,LP001835,1.0,1.0,0.0,0.0,0.0,1668,3890.0,201.0,360.0,0.0,2,N
252,LP001836,0.0,0.0,0.0,1.0,0.0,3427,0.0,138.0,360.0,1.0,1,N
253,LP001841,1.0,0.0,0.0,0.0,1.0,2583,2167.0,104.0,360.0,1.0,0,Y
254,LP001843,1.0,1.0,0.0,0.0,0.0,2661,7101.0,279.0,180.0,1.0,2,Y
255,LP001844,1.0,0.0,0.0,1.0,1.0,16250,0.0,192.0,360.0,0.0,1,N
256,LP001846,0.0,0.0,3.0,1.0,0.0,3083,0.0,255.0,360.0,1.0,0,Y
257,LP001849,1.0,0.0,0.0,0.0,0.0,6045,0.0,115.0,360.0,0.0,0,N
258,LP001854,1.0,1.0,3.0,1.0,0.0,5250,0.0,94.0,360.0,1.0,1,N
259,LP001859,1.0,1.0,0.0,1.0,0.0,14683,2100.0,304.0,360.0,1.0,0,N
260,LP001864,1.0,1.0,3.0,0.0,0.0,4931,0.0,128.0,360.0,,2,N
261,LP001865,1.0,1.0,0.0,1.0,0.0,6083,4250.0,330.0,360.0,,1,Y
262,LP001868,1.0,0.0,0.0,1.0,0.0,2060,2209.0,134.0,360.0,1.0,2,Y
263,LP001870,0.0,0.0,0.0,1.0,0.0,3481,0.0,155.0,36.0,1.0,2,N
264,LP001871,0.0,0.0,0.0,1.0,0.0,7200,0.0,120.0,360.0,1.0,0,Y
265,LP001872,1.0,0.0,0.0,1.0,1.0,5166,0.0,128.0,360.0,1.0,2,Y
266,LP001875,1.0,0.0,0.0,1.0,0.0,4095,3447.0,151.0,360.0,1.0,0,Y
267,LP001877,1.0,1.0,0.0,1.0,0.0,4708,1387.0,150.0,360.0,1.0,2,Y
268,LP001882,1.0,1.0,3.0,1.0,0.0,4333,1811.0,160.0,360.0,0.0,1,Y
269,LP001883,0.0,0.0,0.0,1.0,0.0,3418,0.0,135.0,360.0,1.0,0,N
270,LP001884,0.0,0.0,0.0,1.0,0.0,2876,1560.0,90.0,360.0,1.0,1,Y
271,LP001888,0.0,0.0,0.0,1.0,0.0,3237,0.0,30.0,360.0,1.0,1,Y
272,LP001891,1.0,1.0,0.0,1.0,0.0,11146,0.0,136.0,360.0,1.0,1,Y
273,LP001892,1.0,0.0,0.0,1.0,0.0,2833,1857.0,126.0,360.0,1.0,0,Y
274,LP001894,1.0,1.0,0.0,1.0,0.0,2620,2223.0,150.0,360.0,1.0,2,Y
275,LP001896,1.0,1.0,0.0,1.0,0.0,3900,0.0,90.0,360.0,1.0,2,Y
276,LP001900,1.0,1.0,0.0,1.0,0.0,2750,1842.0,115.0,360.0,1.0,2,Y
277,LP001903,1.0,1.0,0.0,1.0,0.0,3993,3274.0,207.0,360.0,1.0,2,Y
278,LP001904,1.0,1.0,0.0,1.0,0.0,3103,1300.0,80.0,360.0,1.0,1,Y
279,LP001907,1.0,1.0,0.0,1.0,0.0,14583,0.0,436.0,360.0,1.0,2,Y
280,LP001908,0.0,1.0,0.0,0.0,0.0,4100,0.0,124.0,360.0,,0,Y
281,LP001910,1.0,0.0,0.0,0.0,1.0,4053,2426.0,158.0,360.0,0.0,1,N
282,LP001914,1.0,1.0,0.0,1.0,0.0,3927,800.0,112.0,360.0,1.0,2,Y
283,LP001915,1.0,1.0,0.0,1.0,0.0,2301,985.7999877999998,78.0,180.0,1.0,1,Y
284,LP001917,0.0,0.0,0.0,1.0,0.0,1811,1666.0,54.0,360.0,1.0,1,Y
285,LP001922,1.0,1.0,0.0,1.0,0.0,20667,0.0,,360.0,1.0,0,N
286,LP001924,1.0,0.0,0.0,1.0,0.0,3158,3053.0,89.0,360.0,1.0,0,Y
287,LP001925,0.0,0.0,0.0,1.0,1.0,2600,1717.0,99.0,300.0,1.0,2,N
288,LP001926,1.0,1.0,0.0,1.0,0.0,3704,2000.0,120.0,360.0,1.0,0,Y
289,LP001931,0.0,0.0,0.0,1.0,0.0,4124,0.0,115.0,360.0,1.0,2,Y
290,LP001935,1.0,0.0,0.0,1.0,0.0,9508,0.0,187.0,360.0,1.0,0,Y
291,LP001936,1.0,1.0,0.0,1.0,0.0,3075,2416.0,139.0,360.0,1.0,0,Y
292,LP001938,1.0,1.0,0.0,1.0,0.0,4400,0.0,127.0,360.0,0.0,2,N
293,LP001940,1.0,1.0,0.0,1.0,0.0,3153,1560.0,134.0,360.0,1.0,1,Y
294,LP001945,0.0,0.0,0.0,1.0,0.0,5417,0.0,143.0,480.0,0.0,1,N
295,LP001947,1.0,1.0,0.0,1.0,0.0,2383,3334.0,172.0,360.0,1.0,2,Y
296,LP001949,1.0,1.0,3.0,1.0,0.0,4416,1250.0,110.0,360.0,1.0,1,Y
297,LP001953,1.0,1.0,0.0,1.0,0.0,6875,0.0,200.0,360.0,1.0,2,Y
298,LP001954,0.0,1.0,0.0,1.0,0.0,4666,0.0,135.0,360.0,1.0,1,Y
299,LP001955,0.0,0.0,0.0,1.0,0.0,5000,2541.0,151.0,480.0,1.0,0,N
300,LP001963,1.0,1.0,0.0,1.0,0.0,2014,2925.0,113.0,360.0,1.0,1,N
301,LP001964,1.0,1.0,0.0,0.0,0.0,1800,2934.0,93.0,360.0,0.0,1,N
302,LP001972,1.0,1.0,0.0,0.0,0.0,2875,1750.0,105.0,360.0,1.0,2,Y
303,LP001974,0.0,0.0,0.0,1.0,0.0,5000,0.0,132.0,360.0,1.0,0,Y
304,LP001977,1.0,1.0,0.0,1.0,0.0,1625,1803.0,96.0,360.0,1.0,1,Y
305,LP001978,1.0,0.0,0.0,1.0,0.0,4000,2500.0,140.0,360.0,1.0,0,Y
306,LP001990,1.0,0.0,0.0,0.0,0.0,2000,0.0,,360.0,1.0,1,N
307,LP001993,0.0,0.0,0.0,1.0,0.0,3762,1666.0,135.0,360.0,1.0,0,Y
308,LP001994,0.0,0.0,0.0,1.0,0.0,2400,1863.0,104.0,360.0,0.0,1,N
309,LP001996,1.0,0.0,0.0,1.0,0.0,20233,0.0,480.0,360.0,1.0,0,N
310,LP001998,1.0,1.0,0.0,0.0,0.0,7667,0.0,185.0,360.0,,0,Y
311,LP002002,0.0,0.0,0.0,1.0,0.0,2917,0.0,84.0,360.0,1.0,2,Y
312,LP002004,1.0,0.0,0.0,0.0,0.0,2927,2405.0,111.0,360.0,1.0,2,Y
313,LP002006,0.0,0.0,0.0,1.0,0.0,2507,0.0,56.0,360.0,1.0,0,Y
314,LP002008,1.0,1.0,0.0,1.0,1.0,5746,0.0,144.0,84.0,,0,Y
315,LP002024,,1.0,0.0,1.0,0.0,2473,1843.0,159.0,360.0,1.0,0,N
316,LP002031,1.0,1.0,0.0,0.0,0.0,3399,1640.0,111.0,180.0,1.0,1,Y
317,LP002035,1.0,1.0,0.0,1.0,0.0,3717,0.0,120.0,360.0,1.0,2,Y
318,LP002036,1.0,1.0,0.0,1.0,0.0,2058,2134.0,88.0,360.0,,1,Y
319,LP002043,0.0,0.0,0.0,1.0,0.0,3541,0.0,112.0,360.0,,2,Y
320,LP002050,1.0,1.0,0.0,1.0,1.0,10000,0.0,155.0,360.0,1.0,0,N
321,LP002051,1.0,1.0,0.0,1.0,0.0,2400,2167.0,115.0,360.0,1.0,2,Y
322,LP002053,1.0,1.0,3.0,1.0,0.0,4342,189.0,124.0,360.0,1.0,2,Y
323,LP002054,1.0,1.0,0.0,0.0,0.0,3601,1590.0,,360.0,1.0,0,Y
324,LP002055,0.0,0.0,0.0,1.0,0.0,3166,2985.0,132.0,360.0,,0,Y
325,LP002065,1.0,1.0,3.0,1.0,0.0,15000,0.0,300.0,360.0,1.0,0,Y
326,LP002067,1.0,1.0,0.0,1.0,1.0,8666,4983.0,376.0,360.0,0.0,0,N
327,LP002068,1.0,0.0,0.0,1.0,0.0,4917,0.0,130.0,360.0,0.0,0,Y
328,LP002082,1.0,1.0,0.0,1.0,1.0,5818,2160.0,184.0,360.0,1.0,2,Y
329,LP002086,0.0,1.0,0.0,1.0,0.0,4333,2451.0,110.0,360.0,1.0,1,N
330,LP002087,0.0,0.0,0.0,1.0,0.0,2500,0.0,67.0,360.0,1.0,1,Y
331,LP002097,1.0,0.0,0.0,1.0,0.0,4384,1793.0,117.0,360.0,1.0,1,Y
332,LP002098,1.0,0.0,0.0,1.0,0.0,2935,0.0,98.0,360.0,1.0,2,Y
333,LP002100,1.0,0.0,0.0,1.0,0.0,2833,0.0,71.0,360.0,1.0,1,Y
334,LP002101,1.0,1.0,0.0,1.0,0.0,63337,0.0,490.0,180.0,1.0,1,Y
335,LP002103,,1.0,0.0,1.0,1.0,9833,1833.0,182.0,180.0,1.0,1,Y
336,LP002106,1.0,1.0,0.0,1.0,1.0,5503,4490.0,70.0,,1.0,2,Y
337,LP002110,1.0,1.0,0.0,1.0,0.0,5250,688.0,160.0,360.0,1.0,0,Y
338,LP002112,1.0,1.0,0.0,1.0,1.0,2500,4600.0,176.0,360.0,1.0,0,Y
339,LP002113,0.0,0.0,3.0,0.0,0.0,1830,0.0,,360.0,0.0,1,N
340,LP002114,0.0,0.0,0.0,1.0,0.0,4160,0.0,71.0,360.0,1.0,2,Y
341,LP002115,1.0,1.0,3.0,0.0,0.0,2647,1587.0,173.0,360.0,1.0,0,N
342,LP002116,0.0,0.0,0.0,1.0,0.0,2378,0.0,46.0,360.0,1.0,0,N
343,LP002119,1.0,1.0,0.0,0.0,0.0,4554,1229.0,158.0,360.0,1.0,1,Y
344,LP002126,1.0,1.0,3.0,0.0,0.0,3173,0.0,74.0,360.0,1.0,2,Y
345,LP002128,1.0,1.0,0.0,1.0,0.0,2583,2330.0,125.0,360.0,1.0,0,Y
346,LP002129,1.0,1.0,0.0,1.0,0.0,2499,2458.0,160.0,360.0,1.0,2,Y
347,LP002130,1.0,1.0,0.0,0.0,0.0,3523,3230.0,152.0,360.0,0.0,0,N
348,LP002131,1.0,1.0,0.0,0.0,0.0,3083,2168.0,126.0,360.0,1.0,1,Y
349,LP002137,1.0,1.0,0.0,1.0,0.0,6333,4583.0,259.0,360.0,,2,Y
350,LP002138,1.0,1.0,0.0,1.0,0.0,2625,6250.0,187.0,360.0,1.0,0,Y
351,LP002139,1.0,1.0,0.0,1.0,0.0,9083,0.0,228.0,360.0,1.0,2,Y
352,LP002140,1.0,0.0,0.0,1.0,0.0,8750,4167.0,308.0,360.0,1.0,0,N
353,LP002141,1.0,1.0,3.0,1.0,0.0,2666,2083.0,95.0,360.0,1.0,0,Y
354,LP002142,0.0,1.0,0.0,1.0,1.0,5500,0.0,105.0,360.0,0.0,0,N
355,LP002143,0.0,1.0,0.0,1.0,0.0,2423,505.0,130.0,360.0,1.0,2,Y
356,LP002144,0.0,0.0,0.0,1.0,0.0,3813,0.0,116.0,180.0,1.0,1,Y
357,LP002149,1.0,1.0,0.0,1.0,0.0,8333,3167.0,165.0,360.0,1.0,0,Y
358,LP002151,1.0,1.0,0.0,1.0,0.0,3875,0.0,67.0,360.0,1.0,1,N
359,LP002158,1.0,1.0,0.0,0.0,0.0,3000,1666.0,100.0,480.0,0.0,1,N
360,LP002160,1.0,1.0,3.0,1.0,0.0,5167,3167.0,200.0,360.0,1.0,2,Y
361,LP002161,0.0,0.0,0.0,1.0,0.0,4723,0.0,81.0,360.0,1.0,2,N
362,LP002170,1.0,1.0,0.0,1.0,0.0,5000,3667.0,236.0,360.0,1.0,2,Y
363,LP002175,1.0,1.0,0.0,1.0,0.0,4750,2333.0,130.0,360.0,1.0,1,Y
364,LP002178,1.0,1.0,0.0,1.0,0.0,3013,3033.0,95.0,300.0,,1,Y
365,LP002180,1.0,0.0,0.0,1.0,1.0,6822,0.0,141.0,360.0,1.0,0,Y
366,LP002181,1.0,0.0,0.0,0.0,0.0,6216,0.0,133.0,360.0,1.0,0,N
367,LP002187,1.0,0.0,0.0,1.0,0.0,2500,0.0,96.0,480.0,1.0,2,N
368,LP002188,1.0,0.0,0.0,1.0,0.0,5124,0.0,124.0,,0.0,0,N
369,LP002190,1.0,1.0,0.0,1.0,0.0,6325,0.0,175.0,360.0,1.0,2,Y
370,LP002191,1.0,1.0,0.0,1.0,0.0,19730,5266.0,570.0,360.0,1.0,0,N
371,LP002194,0.0,0.0,0.0,1.0,1.0,15759,0.0,55.0,360.0,1.0,2,Y
372,LP002197,1.0,1.0,0.0,1.0,0.0,5185,0.0,155.0,360.0,1.0,2,Y
373,LP002201,1.0,1.0,0.0,1.0,1.0,9323,7873.0,380.0,300.0,1.0,0,Y
374,LP002205,1.0,0.0,0.0,1.0,0.0,3062,1987.0,111.0,180.0,0.0,1,N
375,LP002209,0.0,0.0,0.0,1.0,0.0,2764,1459.0,110.0,360.0,1.0,1,Y
376,LP002211,1.0,1.0,0.0,1.0,0.0,4817,923.0,120.0,180.0,1.0,1,Y
377,LP002219,1.0,1.0,3.0,1.0,0.0,8750,4996.0,130.0,360.0,1.0,0,Y
378,LP002223,1.0,1.0,0.0,1.0,0.0,4310,0.0,130.0,360.0,,2,Y
379,LP002224,1.0,0.0,0.0,1.0,0.0,3069,0.0,71.0,480.0,1.0,1,N
380,LP002225,1.0,1.0,0.0,1.0,0.0,5391,0.0,130.0,360.0,1.0,1,Y
381,LP002226,1.0,1.0,0.0,1.0,0.0,3333,2500.0,128.0,360.0,1.0,2,Y
382,LP002229,1.0,0.0,0.0,1.0,0.0,5941,4232.0,296.0,360.0,1.0,2,Y
383,LP002231,0.0,0.0,0.0,1.0,0.0,6000,0.0,156.0,360.0,1.0,1,Y
384,LP002234,1.0,0.0,0.0,1.0,1.0,7167,0.0,128.0,360.0,1.0,1,Y
385,LP002236,1.0,1.0,0.0,1.0,0.0,4566,0.0,100.0,360.0,1.0,1,N
386,LP002237,1.0,0.0,0.0,1.0,0.0,3667,0.0,113.0,180.0,1.0,1,Y
387,LP002239,1.0,0.0,0.0,0.0,0.0,2346,1600.0,132.0,360.0,1.0,2,Y
388,LP002243,1.0,1.0,0.0,0.0,0.0,3010,3136.0,,360.0,0.0,1,N
389,LP002244,1.0,1.0,0.0,1.0,0.0,2333,2417.0,136.0,360.0,1.0,1,Y
390,LP002250,1.0,1.0,0.0,1.0,0.0,5488,0.0,125.0,360.0,1.0,0,Y
391,LP002255,1.0,0.0,3.0,1.0,0.0,9167,0.0,185.0,360.0,1.0,0,Y
392,LP002262,1.0,1.0,3.0,1.0,0.0,9504,0.0,275.0,360.0,1.0,0,Y
393,LP002263,1.0,1.0,0.0,1.0,0.0,2583,2115.0,120.0,360.0,,1,Y
394,LP002265,1.0,1.0,0.0,0.0,0.0,1993,1625.0,113.0,180.0,1.0,2,Y
395,LP002266,1.0,1.0,0.0,1.0,0.0,3100,1400.0,113.0,360.0,1.0,1,Y
396,LP002272,1.0,1.0,0.0,1.0,0.0,3276,484.0,135.0,360.0,,2,Y
397,LP002277,0.0,0.0,0.0,1.0,0.0,3180,0.0,71.0,360.0,0.0,1,N
398,LP002281,1.0,1.0,0.0,1.0,0.0,3033,1459.0,95.0,360.0,1.0,1,Y
399,LP002284,1.0,0.0,0.0,0.0,0.0,3902,1666.0,109.0,360.0,1.0,0,Y
400,LP002287,0.0,0.0,0.0,1.0,0.0,1500,1800.0,103.0,360.0,0.0,2,N
401,LP002288,1.0,1.0,0.0,0.0,0.0,2889,0.0,45.0,180.0,0.0,1,N
402,LP002296,1.0,0.0,0.0,0.0,0.0,2755,0.0,65.0,300.0,1.0,0,N
403,LP002297,1.0,0.0,0.0,1.0,0.0,2500,20000.0,103.0,360.0,1.0,2,Y
404,LP002300,0.0,0.0,0.0,0.0,0.0,1963,0.0,53.0,360.0,1.0,2,Y
405,LP002301,0.0,0.0,0.0,1.0,1.0,7441,0.0,194.0,360.0,1.0,0,N
406,LP002305,0.0,0.0,0.0,1.0,0.0,4547,0.0,115.0,360.0,1.0,2,Y
407,LP002308,1.0,1.0,0.0,0.0,0.0,2167,2400.0,115.0,360.0,1.0,1,Y
408,LP002314,0.0,0.0,0.0,0.0,0.0,2213,0.0,66.0,360.0,1.0,0,Y
409,LP002315,1.0,1.0,0.0,1.0,0.0,8300,0.0,152.0,300.0,0.0,2,N
410,LP002317,1.0,1.0,3.0,1.0,0.0,81000,0.0,360.0,360.0,0.0,0,N
411,LP002318,0.0,0.0,0.0,0.0,1.0,3867,0.0,62.0,360.0,1.0,2,N
412,LP002319,1.0,1.0,0.0,1.0,0.0,6256,0.0,160.0,360.0,,1,Y
413,LP002328,1.0,1.0,0.0,0.0,0.0,6096,0.0,218.0,360.0,0.0,0,N
414,LP002332,1.0,1.0,0.0,0.0,0.0,2253,2033.0,110.0,360.0,1.0,0,Y
415,LP002335,0.0,1.0,0.0,0.0,0.0,2149,3237.0,178.0,360.0,0.0,2,N
416,LP002337,0.0,0.0,0.0,1.0,0.0,2995,0.0,60.0,360.0,1.0,1,Y
417,LP002341,0.0,0.0,0.0,1.0,0.0,2600,0.0,160.0,360.0,1.0,1,N
418,LP002342,1.0,1.0,0.0,1.0,1.0,1600,20000.0,239.0,360.0,1.0,1,N
419,LP002345,1.0,1.0,0.0,1.0,0.0,1025,2773.0,112.0,360.0,1.0,0,Y
420,LP002347,1.0,1.0,0.0,1.0,0.0,3246,1417.0,138.0,360.0,1.0,2,Y
421,LP002348,1.0,1.0,0.0,1.0,0.0,5829,0.0,138.0,360.0,1.0,0,Y
422,LP002357,0.0,0.0,0.0,0.0,0.0,2720,0.0,80.0,,0.0,1,N
423,LP002361,1.0,1.0,0.0,1.0,0.0,1820,1719.0,100.0,360.0,1.0,1,Y
424,LP002362,1.0,1.0,0.0,1.0,0.0,7250,1667.0,110.0,,0.0,1,N
425,LP002364,1.0,1.0,0.0,1.0,0.0,14880,0.0,96.0,360.0,1.0,2,Y
426,LP002366,1.0,1.0,0.0,1.0,0.0,2666,4300.0,121.0,360.0,1.0,0,Y
427,LP002367,0.0,0.0,0.0,0.0,0.0,4606,0.0,81.0,360.0,1.0,0,N
428,LP002368,1.0,1.0,0.0,1.0,0.0,5935,0.0,133.0,360.0,1.0,2,Y
429,LP002369,1.0,1.0,0.0,1.0,0.0,2920,16.12000084,87.0,360.0,1.0,0,Y
430,LP002370,1.0,0.0,0.0,0.0,0.0,2717,0.0,60.0,180.0,1.0,1,Y
431,LP002377,0.0,0.0,0.0,1.0,1.0,8624,0.0,150.0,360.0,1.0,2,Y
432,LP002379,1.0,0.0,0.0,1.0,0.0,6500,0.0,105.0,360.0,0.0,0,N
433,LP002386,1.0,0.0,0.0,1.0,0.0,12876,0.0,405.0,360.0,1.0,2,Y
434,LP002387,1.0,1.0,0.0,1.0,0.0,2425,2340.0,143.0,360.0,1.0,2,Y
435,LP002390,1.0,0.0,0.0,1.0,0.0,3750,0.0,100.0,360.0,1.0,1,Y
436,LP002393,0.0,,0.0,1.0,0.0,10047,0.0,,240.0,1.0,2,Y
437,LP002398,1.0,0.0,0.0,1.0,0.0,1926,1851.0,50.0,360.0,1.0,2,Y
438,LP002401,1.0,1.0,0.0,1.0,0.0,2213,1125.0,,360.0,1.0,1,Y
439,LP002403,1.0,0.0,0.0,1.0,1.0,10416,0.0,187.0,360.0,0.0,1,N
440,LP002407,0.0,1.0,0.0,0.0,1.0,7142,0.0,138.0,360.0,1.0,0,Y
441,LP002408,1.0,0.0,0.0,1.0,0.0,3660,5064.0,187.0,360.0,1.0,2,Y
442,LP002409,1.0,1.0,0.0,1.0,0.0,7901,1833.0,180.0,360.0,1.0,0,Y
443,LP002418,1.0,0.0,3.0,0.0,0.0,4707,1993.0,148.0,360.0,1.0,2,Y
444,LP002422,1.0,0.0,0.0,1.0,0.0,37719,0.0,152.0,360.0,1.0,2,Y
445,LP002424,1.0,1.0,0.0,1.0,0.0,7333,8333.0,175.0,300.0,,0,Y
446,LP002429,1.0,1.0,0.0,1.0,1.0,3466,1210.0,130.0,360.0,1.0,0,Y
447,LP002434,1.0,1.0,0.0,0.0,0.0,4652,0.0,110.0,360.0,1.0,0,Y
448,LP002435,1.0,1.0,0.0,1.0,0.0,3539,1376.0,55.0,360.0,1.0,0,N
449,LP002443,1.0,1.0,0.0,1.0,0.0,3340,1710.0,150.0,360.0,0.0,0,N
450,LP002444,1.0,0.0,0.0,0.0,1.0,2769,1542.0,190.0,360.0,,2,N
451,LP002446,1.0,1.0,0.0,0.0,0.0,2309,1255.0,125.0,360.0,0.0,0,N
452,LP002447,1.0,1.0,0.0,0.0,0.0,1958,1456.0,60.0,300.0,,1,Y
453,LP002448,1.0,1.0,0.0,1.0,0.0,3948,1733.0,149.0,360.0,0.0,0,N
454,LP002449,1.0,1.0,0.0,1.0,0.0,2483,2466.0,90.0,180.0,0.0,0,Y
455,LP002453,1.0,0.0,0.0,1.0,1.0,7085,0.0,84.0,360.0,1.0,2,Y
456,LP002455,1.0,1.0,0.0,1.0,0.0,3859,0.0,96.0,360.0,1.0,2,Y
457,LP002459,1.0,1.0,0.0,1.0,0.0,4301,0.0,118.0,360.0,1.0,1,Y
458,LP002467,1.0,1.0,0.0,1.0,0.0,3708,2569.0,173.0,360.0,1.0,1,N
459,LP002472,1.0,0.0,0.0,1.0,0.0,4354,0.0,136.0,360.0,1.0,0,Y
460,LP002473,1.0,1.0,0.0,1.0,0.0,8334,0.0,160.0,360.0,1.0,2,N
461,LP002478,,1.0,0.0,1.0,1.0,2083,4083.0,160.0,360.0,,2,Y
462,LP002484,1.0,1.0,3.0,1.0,0.0,7740,0.0,128.0,180.0,1.0,1,Y
463,LP002487,1.0,1.0,0.0,1.0,0.0,3015,2188.0,153.0,360.0,1.0,0,Y
464,LP002489,0.0,0.0,0.0,0.0,0.0,5191,0.0,132.0,360.0,1.0,2,Y
465,LP002493,1.0,0.0,0.0,1.0,0.0,4166,0.0,98.0,360.0,0.0,2,N
466,LP002494,1.0,0.0,0.0,1.0,0.0,6000,0.0,140.0,360.0,1.0,0,Y
467,LP002500,1.0,1.0,3.0,0.0,0.0,2947,1664.0,70.0,180.0,0.0,1,N
468,LP002501,,1.0,0.0,1.0,0.0,16692,0.0,110.0,360.0,1.0,2,Y
469,LP002502,0.0,1.0,0.0,0.0,0.0,210,2917.0,98.0,360.0,1.0,2,Y
470,LP002505,1.0,1.0,0.0,1.0,0.0,4333,2451.0,110.0,360.0,1.0,1,N
471,LP002515,1.0,1.0,0.0,1.0,1.0,3450,2079.0,162.0,360.0,1.0,2,Y
472,LP002517,1.0,1.0,0.0,0.0,0.0,2653,1500.0,113.0,180.0,0.0,0,N
473,LP002519,1.0,1.0,3.0,1.0,0.0,4691,0.0,100.0,360.0,1.0,2,Y
474,LP002522,0.0,0.0,0.0,1.0,1.0,2500,0.0,93.0,360.0,,1,Y
475,LP002524,1.0,0.0,0.0,1.0,0.0,5532,4648.0,162.0,360.0,1.0,0,Y
476,LP002527,1.0,1.0,0.0,1.0,1.0,16525,1014.0,150.0,360.0,1.0,0,Y
477,LP002529,1.0,1.0,0.0,1.0,0.0,6700,1750.0,230.0,300.0,1.0,2,Y
478,LP002530,,1.0,0.0,1.0,0.0,2873,1872.0,132.0,360.0,0.0,2,N
479,LP002531,1.0,1.0,0.0,1.0,1.0,16667,2250.0,86.0,360.0,1.0,2,Y
480,LP002533,1.0,1.0,0.0,1.0,0.0,2947,1603.0,,360.0,1.0,1,N
481,LP002534,0.0,0.0,0.0,0.0,0.0,4350,0.0,154.0,360.0,1.0,0,Y
482,LP002536,1.0,1.0,3.0,0.0,0.0,3095,0.0,113.0,360.0,1.0,0,Y
483,LP002537,1.0,1.0,0.0,1.0,0.0,2083,3150.0,128.0,360.0,1.0,2,Y
484,LP002541,1.0,1.0,0.0,1.0,0.0,10833,0.0,234.0,360.0,1.0,2,Y
485,LP002543,1.0,1.0,0.0,1.0,0.0,8333,0.0,246.0,360.0,1.0,2,Y
486,LP002544,1.0,1.0,0.0,0.0,0.0,1958,2436.0,131.0,360.0,1.0,0,Y
487,LP002545,1.0,0.0,0.0,1.0,0.0,3547,0.0,80.0,360.0,0.0,0,N
488,LP002547,1.0,1.0,0.0,1.0,0.0,18333,0.0,500.0,360.0,1.0,1,N
489,LP002555,1.0,1.0,0.0,1.0,1.0,4583,2083.0,160.0,360.0,1.0,2,Y
490,LP002556,1.0,0.0,0.0,1.0,0.0,2435,0.0,75.0,360.0,1.0,1,N
491,LP002560,1.0,0.0,0.0,0.0,0.0,2699,2785.0,96.0,360.0,,2,Y
492,LP002562,1.0,1.0,0.0,0.0,0.0,5333,1131.0,186.0,360.0,,1,Y
493,LP002571,1.0,0.0,0.0,0.0,0.0,3691,0.0,110.0,360.0,1.0,0,Y
494,LP002582,0.0,0.0,0.0,0.0,1.0,17263,0.0,225.0,360.0,1.0,2,Y
495,LP002585,1.0,1.0,0.0,1.0,0.0,3597,2157.0,119.0,360.0,0.0,0,N
496,LP002586,0.0,1.0,0.0,1.0,0.0,3326,913.0,105.0,84.0,1.0,2,Y
497,LP002587,1.0,1.0,0.0,0.0,0.0,2600,1700.0,107.0,360.0,1.0,0,Y
498,LP002588,1.0,1.0,0.0,1.0,0.0,4625,2857.0,111.0,12.0,,1,Y
499,LP002600,1.0,1.0,0.0,1.0,1.0,2895,0.0,95.0,360.0,1.0,2,Y
500,LP002602,1.0,0.0,0.0,1.0,0.0,6283,4416.0,209.0,360.0,0.0,0,N
501,LP002603,0.0,0.0,0.0,1.0,0.0,645,3683.0,113.0,480.0,1.0,0,Y
502,LP002606,0.0,0.0,0.0,1.0,0.0,3159,0.0,100.0,360.0,1.0,2,Y
503,LP002615,1.0,1.0,0.0,1.0,0.0,4865,5624.0,208.0,360.0,1.0,2,Y
504,LP002618,1.0,1.0,0.0,0.0,0.0,4050,5302.0,138.0,360.0,,0,N
505,LP002619,1.0,1.0,0.0,0.0,0.0,3814,1483.0,124.0,300.0,1.0,2,Y
506,LP002622,1.0,1.0,0.0,1.0,0.0,3510,4416.0,243.0,360.0,1.0,0,Y
507,LP002624,1.0,1.0,0.0,1.0,0.0,20833,6667.0,480.0,360.0,,1,Y
508,LP002625,,0.0,0.0,1.0,0.0,3583,0.0,96.0,360.0,1.0,1,N
509,LP002626,1.0,1.0,0.0,1.0,1.0,2479,3013.0,188.0,360.0,1.0,1,Y
510,LP002634,0.0,0.0,0.0,1.0,0.0,13262,0.0,40.0,360.0,1.0,1,Y
511,LP002637,1.0,0.0,0.0,0.0,0.0,3598,1287.0,100.0,360.0,1.0,0,N
512,LP002640,1.0,1.0,0.0,1.0,0.0,6065,2004.0,250.0,360.0,1.0,2,Y
513,LP002643,1.0,1.0,0.0,1.0,0.0,3283,2035.0,148.0,360.0,1.0,1,Y
514,LP002648,1.0,1.0,0.0,1.0,0.0,2130,6666.0,70.0,180.0,1.0,2,N
515,LP002652,1.0,0.0,0.0,1.0,0.0,5815,3666.0,311.0,360.0,1.0,0,N
516,LP002659,1.0,1.0,3.0,1.0,0.0,3466,3428.0,150.0,360.0,1.0,0,Y
517,LP002670,0.0,1.0,0.0,1.0,0.0,2031,1632.0,113.0,480.0,1.0,2,Y
518,LP002682,1.0,1.0,0.0,0.0,0.0,3074,1800.0,123.0,360.0,0.0,2,N
519,LP002683,1.0,0.0,0.0,1.0,0.0,4683,1915.0,185.0,360.0,1.0,2,N
520,LP002684,0.0,0.0,0.0,0.0,0.0,3400,0.0,95.0,360.0,1.0,0,N
521,LP002689,1.0,1.0,0.0,0.0,0.0,2192,1742.0,45.0,360.0,1.0,2,Y
522,LP002690,1.0,0.0,0.0,1.0,0.0,2500,0.0,55.0,360.0,1.0,2,Y
523,LP002692,1.0,1.0,3.0,1.0,1.0,5677,1424.0,100.0,360.0,1.0,0,Y
524,LP002693,1.0,1.0,0.0,1.0,1.0,7948,7166.0,480.0,360.0,1.0,0,Y
525,LP002697,1.0,0.0,0.0,1.0,0.0,4680,2087.0,,360.0,1.0,2,N
526,LP002699,1.0,1.0,0.0,1.0,1.0,17500,0.0,400.0,360.0,1.0,0,Y
527,LP002705,1.0,1.0,0.0,1.0,0.0,3775,0.0,110.0,360.0,1.0,2,Y
528,LP002706,1.0,1.0,0.0,0.0,0.0,5285,1430.0,161.0,360.0,0.0,2,Y
529,LP002714,1.0,0.0,0.0,0.0,0.0,2679,1302.0,94.0,360.0,1.0,2,Y
530,LP002716,1.0,0.0,0.0,0.0,0.0,6783,0.0,130.0,360.0,1.0,2,Y
531,LP002717,1.0,1.0,0.0,1.0,0.0,1025,5500.0,216.0,360.0,,0,Y
532,LP002720,1.0,1.0,3.0,1.0,0.0,4281,0.0,100.0,360.0,1.0,1,Y
533,LP002723,1.0,0.0,0.0,1.0,0.0,3588,0.0,110.0,360.0,0.0,0,N
534,LP002729,1.0,0.0,0.0,1.0,0.0,11250,0.0,196.0,360.0,,2,N
535,LP002731,0.0,0.0,0.0,0.0,1.0,18165,0.0,125.0,360.0,1.0,1,Y
536,LP002732,1.0,0.0,0.0,0.0,0.0,2550,2042.0,126.0,360.0,1.0,0,Y
537,LP002734,1.0,1.0,0.0,1.0,0.0,6133,3906.0,324.0,360.0,1.0,1,Y
538,LP002738,1.0,0.0,0.0,1.0,0.0,3617,0.0,107.0,360.0,1.0,2,Y
539,LP002739,1.0,1.0,0.0,0.0,0.0,2917,536.0,66.0,360.0,1.0,0,N
540,LP002740,1.0,1.0,3.0,1.0,0.0,6417,0.0,157.0,180.0,1.0,0,Y
541,LP002741,0.0,1.0,0.0,1.0,0.0,4608,2845.0,140.0,180.0,1.0,2,Y
542,LP002743,0.0,0.0,0.0,1.0,0.0,2138,0.0,99.0,360.0,0.0,2,N
543,LP002753,0.0,0.0,0.0,1.0,0.0,3652,0.0,95.0,360.0,1.0,2,Y
544,LP002755,1.0,1.0,0.0,0.0,0.0,2239,2524.0,128.0,360.0,1.0,1,Y
545,LP002757,0.0,1.0,0.0,0.0,0.0,3017,663.0,102.0,360.0,,2,Y
546,LP002767,1.0,1.0,0.0,1.0,0.0,2768,1950.0,155.0,360.0,1.0,0,Y
547,LP002768,1.0,0.0,0.0,0.0,0.0,3358,0.0,80.0,36.0,1.0,2,N
548,LP002772,1.0,0.0,0.0,1.0,0.0,2526,1783.0,145.0,360.0,1.0,0,Y
549,LP002776,0.0,0.0,0.0,1.0,0.0,5000,0.0,103.0,360.0,0.0,2,N
550,LP002777,1.0,1.0,0.0,1.0,0.0,2785,2016.0,110.0,360.0,1.0,0,Y
551,LP002778,1.0,1.0,0.0,1.0,1.0,6633,0.0,,360.0,0.0,0,N
552,LP002784,1.0,1.0,0.0,0.0,0.0,2492,2375.0,,360.0,1.0,0,Y
553,LP002785,1.0,1.0,0.0,1.0,0.0,3333,3250.0,158.0,360.0,1.0,1,Y
554,LP002788,1.0,1.0,0.0,0.0,0.0,2454,2333.0,181.0,360.0,0.0,1,N
555,LP002789,1.0,1.0,0.0,1.0,0.0,3593,4266.0,132.0,180.0,0.0,0,N
556,LP002792,1.0,1.0,0.0,1.0,0.0,5468,1032.0,26.0,360.0,1.0,2,Y
557,LP002794,0.0,0.0,0.0,1.0,0.0,2667,1625.0,84.0,360.0,,1,Y
558,LP002795,1.0,1.0,3.0,1.0,1.0,10139,0.0,260.0,360.0,1.0,2,Y
559,LP002798,1.0,1.0,0.0,1.0,0.0,3887,2669.0,162.0,360.0,1.0,2,Y
560,LP002804,0.0,1.0,0.0,1.0,0.0,4180,2306.0,182.0,360.0,1.0,2,Y
561,LP002807,1.0,1.0,0.0,0.0,0.0,3675,242.0,108.0,360.0,1.0,2,Y
562,LP002813,0.0,1.0,0.0,1.0,1.0,19484,0.0,600.0,360.0,1.0,2,Y
563,LP002820,1.0,1.0,0.0,1.0,0.0,5923,2054.0,211.0,360.0,1.0,0,Y
564,LP002821,1.0,0.0,0.0,0.0,1.0,5800,0.0,132.0,360.0,1.0,2,Y
565,LP002832,1.0,1.0,0.0,1.0,0.0,8799,0.0,258.0,360.0,0.0,1,N
566,LP002833,1.0,1.0,0.0,0.0,0.0,4467,0.0,120.0,360.0,,0,Y
567,LP002836,1.0,0.0,0.0,1.0,0.0,3333,0.0,70.0,360.0,1.0,1,Y
568,LP002837,1.0,1.0,3.0,1.0,0.0,3400,2500.0,123.0,360.0,0.0,0,N
569,LP002840,0.0,0.0,0.0,1.0,0.0,2378,0.0,9.0,360.0,1.0,1,N
570,LP002841,1.0,1.0,0.0,1.0,0.0,3166,2064.0,104.0,360.0,0.0,1,N
571,LP002842,1.0,1.0,0.0,1.0,0.0,3417,1750.0,186.0,360.0,1.0,1,Y
572,LP002847,1.0,1.0,0.0,1.0,0.0,5116,1451.0,165.0,360.0,0.0,1,N
573,LP002855,1.0,1.0,0.0,1.0,0.0,16666,0.0,275.0,360.0,1.0,1,Y
574,LP002862,1.0,1.0,0.0,0.0,0.0,6125,1625.0,187.0,480.0,1.0,2,N
575,LP002863,1.0,1.0,3.0,1.0,0.0,6406,0.0,150.0,360.0,1.0,2,N
576,LP002868,1.0,1.0,0.0,1.0,0.0,3159,461.0,108.0,84.0,1.0,1,Y
577,LP002872,,1.0,0.0,1.0,0.0,3087,2210.0,136.0,360.0,0.0,2,N
578,LP002874,1.0,0.0,0.0,1.0,0.0,3229,2739.0,110.0,360.0,1.0,1,Y
579,LP002877,1.0,1.0,0.0,1.0,0.0,1782,2232.0,107.0,360.0,1.0,0,Y
580,LP002888,1.0,0.0,0.0,1.0,0.0,3182,2917.0,161.0,360.0,1.0,1,Y
581,LP002892,1.0,1.0,0.0,1.0,0.0,6540,0.0,205.0,360.0,1.0,2,Y
582,LP002893,1.0,0.0,0.0,1.0,0.0,1836,33837.0,90.0,360.0,1.0,1,N
583,LP002894,0.0,1.0,0.0,1.0,0.0,3166,0.0,36.0,360.0,1.0,2,Y
584,LP002898,1.0,1.0,0.0,1.0,0.0,1880,0.0,61.0,360.0,,0,N
585,LP002911,1.0,1.0,0.0,1.0,0.0,2787,1917.0,146.0,360.0,0.0,0,N
586,LP002912,1.0,1.0,0.0,1.0,0.0,4283,3000.0,172.0,84.0,1.0,0,N
587,LP002916,1.0,1.0,0.0,1.0,0.0,2297,1522.0,104.0,360.0,1.0,1,Y
588,LP002917,0.0,0.0,0.0,0.0,0.0,2165,0.0,70.0,360.0,1.0,2,Y
589,LP002925,,0.0,0.0,1.0,0.0,4750,0.0,94.0,360.0,1.0,2,Y
590,LP002926,1.0,1.0,0.0,1.0,1.0,2726,0.0,106.0,360.0,0.0,2,N
591,LP002928,1.0,1.0,0.0,1.0,0.0,3000,3416.0,56.0,180.0,1.0,2,Y
592,LP002931,1.0,1.0,0.0,1.0,1.0,6000,0.0,205.0,240.0,1.0,2,N
593,LP002933,,0.0,3.0,1.0,1.0,9357,0.0,292.0,360.0,1.0,2,Y
594,LP002936,1.0,1.0,0.0,1.0,0.0,3859,3300.0,142.0,180.0,1.0,0,Y
595,LP002938,1.0,1.0,0.0,1.0,1.0,16120,0.0,260.0,360.0,1.0,1,Y
596,LP002940,1.0,0.0,0.0,0.0,0.0,3833,0.0,110.0,360.0,1.0,0,Y
597,LP002941,1.0,1.0,0.0,0.0,1.0,6383,1000.0,187.0,360.0,1.0,0,N
598,LP002943,1.0,0.0,0.0,1.0,0.0,2987,0.0,88.0,360.0,0.0,2,N
599,LP002945,1.0,1.0,0.0,1.0,1.0,9963,0.0,180.0,360.0,1.0,0,Y
600,LP002948,1.0,1.0,0.0,1.0,0.0,5780,0.0,192.0,360.0,1.0,1,Y
601,LP002949,0.0,0.0,3.0,1.0,0.0,416,41667.0,350.0,180.0,,1,N
602,LP002950,1.0,1.0,0.0,0.0,0.0,2894,2792.0,155.0,360.0,1.0,0,Y
603,LP002953,1.0,1.0,3.0,1.0,0.0,5703,0.0,128.0,360.0,1.0,1,Y
604,LP002958,1.0,0.0,0.0,1.0,0.0,3676,4301.0,172.0,360.0,1.0,0,Y
605,LP002959,0.0,1.0,0.0,1.0,0.0,12000,0.0,496.0,360.0,1.0,2,Y
606,LP002960,1.0,1.0,0.0,0.0,0.0,2400,3800.0,,180.0,1.0,1,N
607,LP002961,1.0,1.0,0.0,1.0,0.0,3400,2500.0,173.0,360.0,1.0,2,Y
608,LP002964,1.0,1.0,0.0,0.0,0.0,3987,1411.0,157.0,360.0,1.0,0,Y
609,LP002974,1.0,1.0,0.0,1.0,0.0,3232,1950.0,108.0,360.0,1.0,0,Y
610,LP002978,0.0,0.0,0.0,1.0,0.0,2900,0.0,71.0,360.0,1.0,0,Y
611,LP002979,1.0,1.0,3.0,1.0,0.0,4106,0.0,40.0,180.0,1.0,0,Y
612,LP002983,1.0,1.0,0.0,1.0,0.0,8072,240.0,253.0,360.0,1.0,1,Y
613,LP002984,1.0,1.0,0.0,1.0,0.0,7583,0.0,187.0,360.0,1.0,1,Y
614,LP002990,0.0,0.0,0.0,1.0,1.0,4583,0.0,133.0,360.0,0.0,2,N
